公司全称	年份	营业收入	其他非流动资产	支付的各项税费	营业利润	财务费用	应交税费	投资活动现金流出小计	应付职工薪酬	应付账款	营业外收入	经营活动现金流出小计	货币资金	其他应付款	应收账款	经营活动现金流入小计	营业总收入	管理费用	存货	研发费用	税金及附加	营业外支出	利息收入	营业总成本	筹资活动现金流出小计	营业成本	所得税费用	销售费用	在建工程	无形资产	资产总计	非流动负债合计	其他应收款	其他收益	非流动负债	非流动资产	预付款项	总负债	流动负债	未分配利润	固定资产	其他流动资产	非流动资产合计	总资产	流动负债合计	负债合计	净利润	基本每股收益	流动资产合计	资本公积	投资活动现金流入小计	流动资产	盈余公积	合计	筹资活动产生的现金流量净额	综合收益总额	所有者权益合计	投资活动产生的现金流量净额	销售商品、提供劳务收到的现金	购买商品、接受劳务支付的现金	现金及现金等价物净增加额	经营活动产生的现金流量净额	期末现金及现金等价物余额	期初现金及现金等价物余额	归属于母公司所有者权益合计	负债和所有者权益总计	分配股利、利润或偿付利息支付的现金	支付其他与经营活动有关的现金	利润总额	递延所得税资产	收到其他与经营活动有关的现金	销售人员	归属于母公司所有者的综合收益总额	财务人员	持续经营净利润	筹资活动现金流入小计	技术人员	购建固定资产、无形资产和其他长期资产支付的现金	投资收益	行政人员	稀释每股收益	办公地址	生产人员	电子信箱	处置固定资产、无形资产和其他长期资产收回的现金净额	注册地址	法定代表人	中文简称	办公地址邮政编码	信用减值损失	中文名称	外文名称	利息费用	递延收益	资产减值损失	支付其他与筹资活动有关的现金	母公司及主要子公司需承担费用的离退休职工人数	资产处置收益	长期待摊费用	取得投资收益收到的现金	收到的税费返还	偿还债务支付的现金	取得借款收到的现金	投资支付的现金	汇率变动对现金及现金等价物的影响	职工总人数	在职员工的数量合计	母公司在职员工的数量	主要子公司在职员工的数量	归属于母公司股东的净利润	短期借款	收回投资收到的现金	应收票据	递延所得税负债	少数股东损益	少数股东权益	归属于少数股东的综合收益总额	吸收投资收到的现金	应付票据	注册地址邮政编码	一年内到期的非流动负债	其他流动负债	应收款项融资	预收款项	合同负债	交易性金融资产	其他综合收益	其他综合收益的税后净额	归属母公司所有者的其他综合收益的税后净额	长期股权投资	对联营企业和合营企业的投资收益	本科	公允价值变动收益	长期借款	外文名称缩写	将重分类进损益的其他综合收益	收到其他与投资活动有关的现金	收到其他与筹资活动有关的现金	商誉	支付其他与投资活动有关的现金	实收资本	支付给职工及为职工支付的现金	外币财务报表折算差额	研发人员数量占公司总人数的比例（%）	网址	大专	股本	当期领取薪酬员工总人数	股票简称	股票代码	研发人员数量占比	研发人员数量	国际互联网网址	公司研发人员的数量	投资性房地产	支付给职工以及为职工支付的现金	其他权益工具投资	子公司吸收少数股东投资收到的现金	长期应付款	库存股	预计负债	应付利息	子公司支付给少数股东的股利、利润	取得子公司及其他营业单位支付的现金净额	使用权资产	租赁负债	其他非流动金融资产	不能重分类进损益的其他综合收益	应付股利	专项储备	其他权益工具投资公允价值变动	归属于少数股东的其他综合收益的税后净额	处置子公司及其他营业单位收到的现金净额	硕士及以上	合同资产	开发支出	注册地址历史变更情况	长期应收款	硕士	应收利息	大专以下	一年内到期的非流动资产	可供出售金融资产	应付债券	博士	专科	高中及以下	归属于母公司所有者的净利润	其他非流动负债	其他	报告期末母公司在职员工的数量	报告期末在职员工的数量合计	报告期末主要子公司在职员工的数量	长期应付职工薪酬	其他权益工具	研究生及以上	应收股利
中远海运控股股份有限公司	2019	151056682119.72	471898489.15	2365952535.81	12062101545.39	5014525845.47	1299106086.47	12810821234.90	3076622392.94	21634298491.56	44864302.52	137408167811.13	50329691977.73	8786591262.37	8533327714.89	158610539339.52	151056682119.72	9765897229.38	4054416698.57	277414775.76	226305192.56	180265082.19	852402603.85	150181411098.94	76397695982.69	134829661271.29	1576946001.87	67606784.48	2958401356.48	7376475277.27	262224029547.74	122671163809.89	2853710627.37	895671925.13	122671163809.89	189922372310.09	2265945112.33	193098792896.16	70427629086.27	-10274560520.79	101111679003.03	823912565.75	189922372310.09	262224029547.74	70427629086.27	193098792896.16	10349754763.85	0.56	72301657237.65	33399078594.65	17208311464.11	72301657237.65	851619535.66	27179	-9537864510.48	10761244585.98	69125236651.58	4397490229.21	151545335786.31	117286189839.27	16927071059.98	21202371528.39	49764800106.72	32837729046.74	35359676133.83	262224029547.74	5395634518.91	6635668154.49	11926700765.72	944463408.17	6104577821.61	6675	7035453816.78	2145	3236286029.06	66859831472.21	3186	11082748906.99	9978417826.35	1996	0.56	上海市东大名路658号8楼	3698	investor@coscoshipping.com	205989354.83	天津市天津空港经济区中心大道与东七道交口远航商务中心12号楼二层	许立荣	中远海控	200080	-19885735.78	中远海运控股股份有限公司	COSCOSHIPPINGHoldingsCo.,Ltd.	6064480074.47	267896272.77	-3273357.68	10068560250.44	4668	37121505.89	66719849.18	2048694468.93	960625731.60	60933501213.34	58071907199.92	1616386814.34	865073812.86	27179	27179	34	27145	6764104771.48	14752031130.74	2279371376.10	297656608.44	2342980281.19	3585649992.37	33765560517.75	3725790769.20	7708478556.29	167900000.00	300461	18534537041.26	1500000000.00	NULLVALUE	44517582.73	472766101.74	1066819036.76	-875990702.69	411489822.13	271349045.30	30762564026.84	NULLVALUE	12853	298778360.70	79503473505.36	COSCOSHIPHOLD	331390168.51	409558569.45	1079445716.00	6142068097.13	13276375.46	12259529227.00	11120357281.56	323811613.22	1.66	http://hold.coscoshipping.com	7295	NULLVALUE	NULLVALUE	NULLVALUE	NULLVALUE	NULLVALUE	NULLVALUE	NULLVALUE	501	2328980776.86	NULLVALUE	2097255986.48	4350147.69	3376437.62	NULLVALUE	78258786.65	635051645.85	825570762.27	98409138.11	33160124132.30	25411032290.43	499441923.20	-60041123.21	1793239443.08	NULLVALUE	-19594226.29	140140776.83	12264697694.80	1982	179273286.21	NULLVALUE	NULLVALUE	1167152654.86	NULLVALUE	192518635.68	NULLVALUE	NULLVALUE	NULLVALUE	13018366997.52	NULLVALUE	NULLVALUE	NULLVALUE	NULLVALUE	1581672052.25	NULLVALUE	NULLVALUE	NULLVALUE	NULLVALUE	464107186.10	NULLVALUE	NULLVALUE	92100436.92
安徽建工集团股份有限公司	2019	47265560036.00	111982562.90	1897273609.23	1270565218.48	1003094692.46	586003284.27	405721478.05	375086968.12	23666001792.41	24489208.02	50575416667.92	9430419446.66	3187756211.34	20067407725.72	43877361480.62	47265560036.00	1380445648.77	29039929980.04	426243421.26	310276222.74	22942260.19	450280795.14	44851207637.24	19316506502.50	41583940853.76	515506618.52	147206798.25	28003669.22	206463540.61	90435503647.10	18509276667.44	2539086117.08	8393156.23	18509276667.44	24184281992.43	657537773.83	76105349259.47	57596072592.03	3028005047.69	3167402426.23	2739545969.10	24184281992.43	90435503647.10	57596072592.03	76105349259.47	756605547.79	0.35	66251221654.67	1646038752.68	237234858.53	66251221654.67	415510001.62	16585	6993074032.01	773106887.83	14330154387.63	-168486619.52	43719722294.66	43465659619.56	126283558.56	-6698055187.30	6864194016.74	6737910458.18	8512234048.17	90435503647.10	1924575139.88	2538856230.52	1272112166.31	830260561.35	157639185.96	913	612662067.63	847	756605547.79	26309580534.51	NULLVALUE	259911478.05	46755257.60	800	0.35	安徽省合肥市蜀山区黄山路459号安建国际大厦	NULLVALUE	ahjgzqb@163.com	5517110.86	安徽省蚌埠市东海大道5183号	王厚良	安徽建工	230031	-676652311.85	安徽建工集团股份有限公司	AnhuiConstructionEngineeringGroupCorporationLimited	1298054125.32	36857060.26	-523475101.24	126060044.49	4731	1191818.98	NULLVALUE	16556244.69	NULLVALUE	17265871318.13	22220053375.69	145810000.00	-248666.63	16585	16585	751	15834	596160727.59	7114487387.09	12753400.00	824076530.10	13553291.24	160444820.20	5817920339.46	160444820.20	4089527158.82	4202242651.52	233010	3564271189.88	1492175556.44	108849941.45	13408047550.96	NULLVALUE	80000000.00	-97021146.20	16501340.04	16501340.04	461746234.22	29899745.36	NULLVALUE	NULLVALUE	16691799091.43	ACEG	16501340.04	202408102.98	NULLVALUE	685109.49	NULLVALUE	1721160272.00	2673627208.61	16501340.04	11.97	www.aceg.com.cn	NULLVALUE	NULLVALUE	NULLVALUE	NULLVALUE	NULLVALUE	NULLVALUE	NULLVALUE	NULLVALUE	1985	399221474.37	NULLVALUE	37012808.82	2889527158.82	220863881.00	NULLVALUE	483335.41	82811229.40	30906290.00	NULLVALUE	NULLVALUE	NULLVALUE	NULLVALUE	NULLVALUE	8002567.10	448541120.38	NULLVALUE	NULLVALUE	NULLVALUE	NULLVALUE	NULLVALUE	NULLVALUE	NULLVALUE	18941503605.22	NULLVALUE	3860794.17	NULLVALUE	764368170.69	53056208.82	1051978611.11	NULLVALUE	NULLVALUE	NULLVALUE	NULLVALUE	493741396.99	NULLVALUE	NULLVALUE	NULLVALUE	NULLVALUE	NULLVALUE	1350000000.00	NULLVALUE	34423701.43
上海电力股份有限公司	2019	23690034551.14	6036409669.84	1761204731.45	2488430727.45	2515511731.24	420988576.04	9850236182.87	125574357.45	4949599633.04	107571059.00	18972963066.63	6520141974.46	3162748048.85	7826799897.17	24903095312.55	23690034551.14	1352705590.54	395119377.90	154912072.52	203958696.25	62781989.19	71657805.69	22079163076.66	62274400903.60	17851078386.57	515391986.59	996599.54	7741550223.13	3095467680.95	111022717393.79	35704110962.79	1356839218.51	214810830.55	35704110962.79	93001762481.45	691826378.88	80953877567.53	45249766604.74	6372723570.44	62142265569.34	1161449285.79	93001762481.45	111022717393.79	45249766604.74	80953877567.53	2017827810.67	0.36	18020954912.34	6223243627.00	1306710323.53	18020954912.34	1024725846.29	6329	4642142213.85	2052198835.01	30068839826.26	-8543525859.34	23999475358.67	13926223088.38	2178004642.38	5930132245.92	6379445681.14	4201441038.76	19058394169.90	111022717393.79	3661713767.97	1005884838.42	2533219797.26	186616710.66	755434698.86	22	1020694766.85	197	2017827810.67	66916543117.45	650	7952150580.93	664626485.71	NULLVALUE	0.36	上海市中山南路268号	3737	sepco@shanghaipower.com	107273637.40	上海市中山南路268号	王运丹	上海电力	200010	-12946364.92	上海电力股份有限公司	SHANGHAIELECTRICPOWERCO.,LTD	2553633904.74	1119140530.15	-186545301.24	6300948578.65	7711	197921631.76	347445756.64	476168744.33	148185255.02	52311738556.98	62751052652.90	1594956644.30	149256041.95	6329	6329	810	5519	962376582.50	16128024381.00	476030401.08	47077678.20	108983431.24	1055451228.17	11010445656.36	1031504068.16	3276799941.45	585215766.26	200010	7731370190.03	11700000000.00	NULLVALUE	423129518.14	NULLVALUE	0.00	-379502198.66	34371024.34	58318184.35	12544025682.05	546267800.62	2413	-308028.89	24508849313.30	SEP	-46826907.48	89756280.12	888690523.10	5191292.15	11138139.55	2617164197.00	2279650408.38	-31543776.27	4.34	www.shanghaipower.com	NULLVALUE	NULLVALUE	NULLVALUE	NULLVALUE	NULLVALUE	NULLVALUE	NULLVALUE	NULLVALUE	283	123530624.23	NULLVALUE	559259272.46	76799941.45	7447095631.06	NULLVALUE	7766579.43	372888998.01	658598126.74	291990818.09	NULLVALUE	NULLVALUE	NULLVALUE	105145091.83	287881076.76	39127.83	105145091.83	-23947160.01	157481260.60	434	NULLVALUE	NULLVALUE	NULLVALUE	NULLVALUE	NULLVALUE	30045097.05	NULLVALUE	NULLVALUE	521304982.97	2200000000.00	NULLVALUE	1528	NULLVALUE	NULLVALUE	312275477.61	NULLVALUE	NULLVALUE	NULLVALUE	NULLVALUE	NULLVALUE	3200000000.00	NULLVALUE	138039209.89
华域汽车系统股份有限公司	2019	144023626070.75	667516313.74	5099382704.68	9156697991.14	-57384823.34	1011700525.99	6333695984.03	3483524971.49	44171741274.95	416322468.40	138360233918.65	32839117977.25	8070157816.63	23312072421.39	148016581270.82	144023626070.75	8030770156.65	11116458345.19	5264534986.01	492930363.29	138174843.84	589674529.72	138886788865.94	11994598228.06	123195390493.44	918551163.81	1960547689.89	3413812735.56	3861270732.79	139127432129.36	10557275097.94	4790981876.40	482085431.02	10557275097.94	55610829867.01	842523026.02	80425897714.82	69868622616.88	28140617869.16	22405576455.29	2259304374.82	55610829867.01	139127432129.36	69868622616.88	80425897714.82	8516294451.89	2.05	83516602262.35	12814205039.54	4695659464.15	83516602262.35	3033829883.05	33389	-5635554360.05	9564965250.84	58701534414.54	-1638036519.88	146294871904.26	107132543141.56	2377267773.88	9656347352.17	32159912709.31	29782644935.43	49422998181.95	139127432129.36	5518010391.24	10220321302.08	9434845615.70	4478439379.06	1721709366.56	603	7511579529.74	847	8516294451.89	6359043868.01	8656	5706306810.54	3809097899.43	2178	NULLVALUE	中国上海市威海路489号	14994	huayuqiche@hasco-group.com	582298225.47	中国上海市威海路489号	陈虹	华域汽车	200041	-230073848.80	华域汽车系统股份有限公司	HUAYUAutomotiveSystemsCompanyLimited	428659341.62	2003710402.43	-176816846.03	474867280.46	0	135568150.71	1105370817.44	2972284020.26	NULLVALUE	6001720556.36	6269912368.01	589884689.27	-5488698.36	33389	33389	206	33183	6463163298.95	6579912368.01	1000868462.88	2234444486.27	1440370028.45	2053131152.94	9278536232.59	2053385721.10	89131500.00	4166890020.29	200041	1007446947.00	10080131.00	6121699755.01	1377248692.52	NULLVALUE	NULLVALUE	2281621406.20	1048670798.95	1048416230.79	13958201979.42	3363036867.74	NULLVALUE	NULLVALUE	3815637468.84	HASCO	955459.52	NULLVALUE	NULLVALUE	852681723.73	NULLVALUE	3152723984.00	15907986770.33	-2552843.80	25.92	www.hasco-group.com	NULLVALUE	NULLVALUE	NULLVALUE	NULLVALUE	NULLVALUE	NULLVALUE	NULLVALUE	NULLVALUE	8556	343892105.47	NULLVALUE	4524067624.51	89131500.00	36360303.00	NULLVALUE	2463840336.93	19355006.84	1768628107.12	37504484.22	NULLVALUE	NULLVALUE	NULLVALUE	1047460771.27	779096722.45	NULLVALUE	1073017051.81	254568.16	140208755.54	NULLVALUE	NULLVALUE	2102948.43	NULLVALUE	NULLVALUE	NULLVALUE	61741163.69	NULLVALUE	NULLVALUE	3086716331.96	NULLVALUE	NULLVALUE	NULLVALUE	NULLVALUE	NULLVALUE	NULLVALUE	NULLVALUE	NULLVALUE	NULLVALUE	NULLVALUE	797356558.29	NULLVALUE	2232	252859596.39
红星美凯龙家居集团股份有限公司	2019	16469237788.92	5850884335.94	2141155342.25	6197154489.16	2260079805.40	739393813.25	8691394763.23	830362911.55	1476370855.07	46074966.28	12395592441.81	7229239369.35	7799973358.09	1805663937.18	16489573472.41	16469237788.92	1751866715.59	330978528.99	38206412.50	429040601.76	40151435.89	195395541.15	12505735373.06	17946385597.58	5735611011.50	1516836338.46	2290930826.31	2329221258.37	449262332.89	122294418558.66	45541622669.50	710012095.26	104900495.94	45541622669.50	108339973106.97	340717638.07	73309568163.93	27767945494.43	34486715762.57	897496154.61	1637221709.44	108339973106.97	122294418558.66	27767945494.43	73309568163.93	4686241681.09	1.26	13954445451.69	4239976571.04	4608620718.63	13954445451.69	1954818567.23	27113	-849680902.47	5691076993.44	48984850394.73	-4082774044.60	15976483700.60	2438524528.45	-838393868.21	4093981030.60	6776093360.48	7614487228.69	45714637942.01	122294418558.66	3400640301.94	4081060558.90	6203078019.55	1174578160.89	513089771.81	0	5419922824.68	2824	4686241681.09	17096704695.11	0	4320280659.00	786438650.13	0	NULLVALUE	上海市闵行区申长路1466弄2号/5号红星美凯龙总部	0	ir@chianredstar.com	11336105.62	上海市浦东新区临御路518号6楼F801室	车建兴	美凯龙	201106	-297862062.06	红星美凯龙家居集团股份有限公司	RedStarMacallineGroupCorporationLtd.	2411290093.44	225902560.47	NULLVALUE	1948574038.86	0	8101725.36	489797913.40	158223578.75	NULLVALUE	12597171256.78	16788107694.57	1015105552.64	80048.26	27113	27113	3837	23276	4479681652.61	3387894541.95	1262890808.25	NULLVALUE	11989277103.64	206560028.48	3270212452.72	271154168.76	58362500.00	NULLVALUE	201204	9804740633.43	348314909.66	41040000.00	1159059013.47	2221835457.96	233385470.05	1483127041.17	1004835312.35	940241172.07	3654279035.20	137729826.00	8285	1632073263.93	15919626315.76	RedStarMacalline	-24125991.75	3174566366.76	250234500.54	97597047.85	2515542878.47	3550000000.00	3734852012.21	NULLVALUE	1.02%	www.chinaredstar.com	9624	NULLVALUE	NULLVALUE	NULLVALUE	NULLVALUE	NULLVALUE	NULLVALUE	NULLVALUE	276	85107000000.00	NULLVALUE	3999157825.44	58362500.00	634392235.62	NULLVALUE	NULLVALUE	NULLVALUE	146789832.60	840465673.12	3087184216.82	3321817733.91	368774540.60	964367163.82	48000000.00	NULLVALUE	964367163.82	64594140.28	1603859.25	NULLVALUE	1039368953.49	34245602.45	NULLVALUE	800494682.51	NULLVALUE	31717766.99	NULLVALUE	555066245.64	NULLVALUE	6592440970.73	NULLVALUE	NULLVALUE	NULLVALUE	NULLVALUE	6858165749.37	4369	NULLVALUE	NULLVALUE	NULLVALUE	NULLVALUE	NULLVALUE	495	31000000.00
特变电工股份有限公司	2019	36980048574.43	3703901729.71	1799959723.24	2856482447.48	704384122.81	382676824.39	13338058850.79	225329459.52	11205347735.44	68091194.91	41065925796.69	19442716430.84	1538322106.79	12124898289.49	45106948807.36	37029645462.87	1707008590.89	9634287540.21	559982188.89	527514598.68	113715072.98	49596888.44	34997492898.16	18766348002.11	29357907349.99	420508224.48	2139529718.25	8675181680.40	4370075293.55	102224702781.57	24343213194.66	890377073.24	364147818.70	24343213194.66	50808665178.43	4490120005.73	59196982203.89	34853769009.23	13686827991.76	28326958360.06	1057527478.50	50808665178.43	102224702781.57	34853769009.23	59196982203.89	2390350344.93	0.47	51416037603.14	11092172592.94	3345918932.68	51416037603.14	1401865588.40	17098	5560948384.41	2516763429.57	43027720577.68	NULLVALUE	42621570967.87	33866169857.71	-435470931.07	4041023010.67	16889465626.22	17324936557.29	34883633769.77	102224702781.57	2219244195.37	2072938699.59	2810858569.41	385312987.10	2111608666.34	2114	2143087675.80	445	2390350344.93	24327296386.52	3439	8143842467.78	402011125.47	1674	0.47	新疆昌吉州昌吉市北京南路189号	7510	tbeazqb@tbea.com	250577514.47	新疆昌吉州昌吉市北京南路189号	张新	特变电工	831100	-35226778.95	特变电工股份有限公司	TBEACO.,LTD.	1072374592.25	1064851191.00	-80249508.08	166607065.70	71	147075803.08	1172551686.24	34322341.05	297907136.90	16380496741.04	20297234456.66	5168417671.46	-45302408.04	17098	17098	2770	14328	2018419117.58	4718029229.87	2701409164.64	1036292879.17	250715139.56	371931227.35	8144086807.91	373675753.77	2318611589.37	9675730506.04	831100	2018106193.05	808684.87	1261298343.74	5058627281.45	NULLVALUE	1428536228.91	-275269727.61	126413084.64	124668558.22	2616724815.20	414168155.86	7431	26571422.55	21828439460.41	TBEA	124668558.22	10229943.82	1711450340.49	129641093.62	25798711.55	3714312789.00	2916219070.26	15754979.38	1.84	http://www.tbea.com	5524	NULLVALUE	NULLVALUE	NULLVALUE	NULLVALUE	NULLVALUE	NULLVALUE	NULLVALUE	314	NULLVALUE	NULLVALUE	11287705.46	1550536589.37	689652710.76	1084600.00	9554692.93	43208011.78	75453077.99	NULLVALUE	NULLVALUE	NULLVALUE	294848484.40	NULLVALUE	275796731.56	763724535.28	NULLVALUE	1744526.42	349379968.70	1365	NULLVALUE	NULLVALUE	NULLVALUE	13246022.40	NULLVALUE	592837.81	NULLVALUE	NULLVALUE	732926700.00	500000000.00	NULLVALUE	NULLVALUE	NULLVALUE	NULLVALUE	NULLVALUE	1215	NULLVALUE	NULLVALUE	NULLVALUE	NULLVALUE	4500000000.00	NULLVALUE	21960713.90
北京首创生态环保集团股份有限公司	2019	14907273552.24	1061554913.66	1454293363.97	1587177690.89	1255829894.29	592897112.18	12495243792.02	293168392.58	8382103467.20	51063161.96	10770868074.12	3749504966.96	1802954137.17	3770712727.01	14104254109.01	14907273552.24	1562661941.36	1124921421.22	48495462.17	281976779.69	39697058.96	79772556.90	13666987367.75	15457648924.44	10491748201.53	507032297.18	26275088.71	20155475717.42	26936290394.00	79872356254.70	33491410967.37	1572391381.67	194535422.47	33491410967.37	66399694920.31	195690128.02	51657892912.83	18166481945.46	2170595386.37	5819122698.31	2203251834.72	66399694920.31	79872356254.70	18166481945.46	51657892912.83	1091511496.71	0.17	13472661334.39	2393416177.66	1180739681.02	13472661334.39	1042855694.44	15991	5588055199.32	1041583307.84	28214463341.87	-11314504111.00	13298555524.11	5936681464.42	-2384336725.49	3333386034.89	3573257401.37	5957594126.86	21321832535.38	79872356254.70	2391926638.53	1078542770.29	1598543793.89	198567553.33	632721874.03	1728	930802548.57	674	1091511496.71	21045704123.76	2451	11673639842.02	195651777.21	2515	0.17	北京市西城区车公庄大街21号2号楼	8623	master@capitalwater.cn	65364474.29	北京市西城区车公庄大街21号39幢16层	刘永政	首创股份	100044	-47184838.59	北京首创股份有限公司	BEIJINGCAPITALCO.,LTD	1166502009.70	402129417.82	-17300.00	62694152.87	1498	3467545.31	121766406.29	132409555.65	172976710.87	13003028133.04	15417143798.37	800803950.00	8726151.30	15991	15991	255	15736	958389120.63	1368053292.51	803637261.38	158708382.64	626572139.83	133122376.08	6892630806.49	110780759.27	5576060325.39	3078000.00	100044	2915160026.97	735446962.46	NULLVALUE	1600392112.24	NULLVALUE	NULLVALUE	29517069.91	-49928188.87	-27586572.06	2690373989.54	165440204.40	NULLVALUE	438900.00	22079832938.66	BEIJINGCAPITAL	-23657720.19	179328389.70	52500000.00	2965705380.43	20800000.00	5685448207.00	2301350475.44	-46981408.34	0.78	http://www.capitalwater.cn	NULLVALUE	NULLVALUE	NULLVALUE	NULLVALUE	NULLVALUE	NULLVALUE	NULLVALUE	NULLVALUE	124	736481400.00	NULLVALUE	54949232.57	576060325.39	1245473231.78	NULLVALUE	2055992896.47	238529851.83	70185160.57	75112371.08	NULLVALUE	NULLVALUE	NULLVALUE	-3928851.87	23255755.04	NULLVALUE	-3928851.87	-22341616.81	NULLVALUE	NULLVALUE	NULLVALUE	4381829.50	NULLVALUE	5659407234.76	NULLVALUE	NULLVALUE	NULLVALUE	55547880.00	117934483.70	7080404346.22	NULLVALUE	NULLVALUE	NULLVALUE	NULLVALUE	NULLVALUE	478524910.99	NULLVALUE	NULLVALUE	NULLVALUE	1005996.59	10000000000.00	NULLVALUE	6136168.65
青岛港国际股份有限公司	2019	12164080973.00	599314295.00	1254140485.00	5113236304.00	-207915807.00	248863830.00	43268627372.00	308496016.00	1411666083.00	31883637.00	9397794326.00	6846399847.00	7200531814.00	2337733076.00	12363784096.00	12164080973.00	503215842.00	208760886.00	33764127.00	108501298.00	18314524.00	502162922.00	8653246494.00	5881881369.00	8178690909.00	994203437.00	36990125.00	2510614143.00	2568407616.00	52785301395.00	8221597346.00	1825685161.00	122080426.00	8221597346.00	32899630562.00	65477940.00	19187939353.00	10966342007.00	9694379282.00	14341335334.00	6214206368.00	32899630562.00	52785301395.00	10966342007.00	19187939353.00	4132601980.00	0.59	19885670833.00	12326352961.00	41292562275.00	19885670833.00	1278378901.00	8738	-1021983586.00	4179975811.00	33597362042.00	-1976065097.00	11824872811.00	5786216440.00	-16032569.00	2965989770.00	3998246081.00	4014278650.00	30357380875.00	52785301395.00	2731749365.00	160196924.00	5126805417.00	906362986.00	538911285.00	74	3839117802.00	207	4132601980.00	4859897783.00	2050	2324441106.00	1492273337.00	1026	0.59	青岛市市北区港寰路58号	5150	qggj@qdport.com	13962768.00	青岛市黄岛区经八路12号	李奉利	青岛港	266011	-19714764.00	青岛港国际股份有限公司	QingdaoPortInternationalCo.,Ltd.	222507080.00	213850289.00	-4686830.00	194681721.00	7596	3453170.00	28601553.00	1753786173.00	NULLVALUE	2955450283.00	1502511804.00	37948844063.00	16026344.00	8738	8738	4866	3872	3790143318.00	128596572.00	35949559465.00	89208129.00	22295437.00	342458662.00	3239981167.00	340858009.00	2521650805.00	1164769783.00	266500	235633528.00	NULLVALUE	705149454.00	22251659.00	245532722.00	952673153.00	182668672.00	47373831.00	48974484.00	9139130196.00	1381207816.00	NULLVALUE	8996486.00	132882988.00	QDPI	-2300318.00	3570480022.00	835735174.00	20686493.00	2995342203.00	6491100000.00	2197240477.00	NULLVALUE	5.89	www.qingdao-port.com	NULLVALUE	NULLVALUE	NULLVALUE	NULLVALUE	NULLVALUE	NULLVALUE	NULLVALUE	NULLVALUE	515	177094885.00	NULLVALUE	NULLVALUE	542721037.00	43095019.00	NULLVALUE	7053463.00	81730280.00	68459957.00	23035440.00	541354681.00	378301316.00	538096854.00	51274802.00	312469.00	3914265.00	NULLVALUE	-1600653.00	4773847.00	284	194622693.00	NULLVALUE	NULLVALUE	1528631526.00	NULLVALUE	42728648.00	3693	445754126.00	NULLVALUE	2116900000.00	NULLVALUE	NULLVALUE	NULLVALUE	NULLVALUE	2888198834.00	NULLVALUE	NULLVALUE	NULLVALUE	NULLVALUE	2419020000.00	NULLVALUE	NULLVALUE	NULLVALUE
国投电力控股股份有限公司	2019	42433460265.79	1521513016.84	6498659834.24	10237046085.10	4779200990.74	698836841.96	10704324724.48	229940609.86	3002371752.88	131607322.06	27879878581.51	8435687520.50	5894016046.21	4962430884.73	48234054075.22	42433460265.79	1366994172.73	1158862410.31	34670514.14	947409978.50	51581100.94	118766083.97	33011079729.44	41988738757.84	25851696460.70	1586010055.27	31107612.63	48793427844.29	4733504729.26	224721513218.80	116107469281.60	169643916.98	95995433.01	116107469281.60	199787831879.48	304902870.90	150327333373.52	34219864091.92	21178636909.62	133284924312.36	925145171.57	199787831879.48	224721513218.80	34219864091.92	150327333373.52	8731062250.95	0.67	24933681339.32	6461460075.46	1974048796.26	24933681339.32	2098931520.69	9374	-10708406286.65	8437480818.48	74394179845.28	-8730275928.22	47548299939.89	NULLVALUE	977810748.24	20354175493.71	8447826019.91	7470015271.67	40382512223.65	224721513218.80	NULLVALUE	1166039304.25	10317072306.22	400310019.64	637438292.23	83	4457416846.01	264	8651098328.65	31280332471.19	907	10044013678.78	1046418236.00	3555	0.67	北京市西城区西直门南小街147号楼	4565	gtdl@sdicpower.com	7279655.16	北京市西城区西直门南小街147号楼11层1108	朱基伟	国投电力	100034	-133725121.65	国投电力控股股份有限公司	SDICPowerHoldingsCO.,LTD	4873610844.96	204868165.85	-204147260.76	164167976.78	1181	1392139.65	168743743.63	514009110.75	48315843.10	30390344567.41	30273110135.93	131057610.00	62317469.40	9374	9374	100	9274	4755460882.37	5303463632.20	378263059.54	462389125.54	42040150.83	3975601368.58	34011667621.63	3980063972.47	977241000.00	506383987.34	100034	11296700316.23	1544500212.84	174317766.71	145944288.65	NULLVALUE	859184091.25	-141558497.05	-293581432.47	-298044036.36	9707275789.53	624012075.60	NULLVALUE	8732122.50	110295284315.92	SDICPower	-273039262.21	661798776.10	29981335.26	431483412.95	1969443.50	6786023347.00	2673295466.83	-22492648.49	3.04	www.sdicpower.com	2284	NULLVALUE	NULLVALUE	NULLVALUE	NULLVALUE	NULLVALUE	NULLVALUE	NULLVALUE	301	96606896.91	NULLVALUE	116096780.99	977241000.00	772341362.10	NULLVALUE	296730248.79	527373200.29	3665859289.17	527283992.20	NULLVALUE	NULLVALUE	NULLVALUE	-25004774.15	147062816.44	NULLVALUE	-25004774.15	4462603.89	412698194.71	NULLVALUE	NULLVALUE	22557945.99	NULLVALUE	511387387.09	NULLVALUE	8606267.07	NULLVALUE	NULLVALUE	188802553.54	4494954246.45	NULLVALUE	NULLVALUE	NULLVALUE	NULLVALUE	NULLVALUE	289005.27	NULLVALUE	NULLVALUE	NULLVALUE	1250791.66	3999018867.93	434	NULLVALUE
广州汽车集团股份有限公司	2019	59233684226.00	1546177280.00	2926064246.00	5681710451.00	26294921.00	701550757.00	19160363596.00	2179517583.00	12142923360.00	661483103.00	75677027161.00	32242927079.00	7797691030.00	3466349324.00	75296455760.00	59704321649.00	3243766082.00	6927830012.00	1002451985.00	1355522908.00	49234228.00	470637423.00	65452687855.00	8323910764.00	55148022098.00	-417186243.00	4553401795.00	1653117934.00	11667072620.00	137409527863.00	13369960551.00	4675075096.00	2308166559.00	13369960551.00	80545026663.00	1284439155.00	54955307018.00	41585346467.00	41558730939.00	17474418983.00	4036312920.00	80545026663.00	137409527863.00	41585346467.00	54955307018.00	6711145569.00	0.65	56864501200.00	22704371350.00	14334681837.00	56864501200.00	4740742001.00	93854	-2325450064.00	6720851206.00	82454220845.00	-4825681759.00	67298077982.00	54739766961.00	-7501357079.00	-380571401.00	30564910372.00	38066267451.00	80134086002.00	137409527863.00	4078418422.00	9749241302.00	6293959326.00	1705313070.00	7741696860.00	5572	6627243072.00	1654	6711145569.00	5998460700.00	14241	10100641169.00	9625856642.00	4109	0.64	广州市天河区珠江新城兴国路23号广汽中心	56772	ir@gac.com.cn	43187372.00	广州市越秀区东风中路448号-458号成悦大厦23楼	曾庆洪	广汽集团	510623	-53831124.00	广州汽车集团股份有限公司	GuangzhouAutomobileGroupCo.,Ltd	498754415.00	2985508737.00	-554589862.00	372985262.00	1826	9120377.00	422213341.00	8083834242.00	809832836.00	3872507080.00	4445470261.00	8705366061.00	30346145.00	93854	93854	263	93591	6617537435.00	1884058685.00	5299879840.00	2241120833.00	183135994.00	93608134.00	2320134843.00	93608134.00	1116301768.00	1122302556.00	510030	4106019725.00	1526262867.00	6948421.00	NULLVALUE	1528757284.00	842845452.00	277861074.00	9705637.00	9705637.00	31982364926.00	9399343298.00	NULLVALUE	95354065.00	1853577690.00	GACGroup	731846.00	907780383.00	36868671.00	104504775.00	354356366.00	10237707541.00	6505466252.00	1151465.00	17.62	www.gac.com.cn	19497	NULLVALUE	NULLVALUE	NULLVALUE	NULLVALUE	NULLVALUE	NULLVALUE	NULLVALUE	6222	1334486947.00	NULLVALUE	1224217623.00	1093525000.00	77207802.00	NULLVALUE	1014775988.00	NULLVALUE	NULLVALUE	NULLVALUE	1384011302.00	1232041827.00	3137472390.00	8973791.00	13023973.00	32099814.00	8973791.00	NULLVALUE	NULLVALUE	NULLVALUE	NULLVALUE	4471257417.00	NULLVALUE	990406663.00	NULLVALUE	NULLVALUE	NULLVALUE	1140652908.00	NULLVALUE	5838044463.00	NULLVALUE	NULLVALUE	NULLVALUE	NULLVALUE	262875852.00	9988	NULLVALUE	NULLVALUE	NULLVALUE	NULLVALUE	240942110.00	NULLVALUE	3614415105.00
上海汽车集团股份有限公司	2019	826530002967.87	6017543917.09	29840839002.02	40345103124.47	24366630.19	10094429795.94	534644712776.90	10379170737.45	137086140309.74	766952147.81	707026694746.48	127826836682.25	77082601425.77	41340635443.91	753298547673.23	843324372577.26	22308086660.76	54398633356.34	13394150277.23	6609894329.53	154263068.59	14882956800.25	830374831205.25	73560834136.40	726100213388.33	5668885296.06	57450586216.84	16187540866.58	15281159697.99	849333279599.19	85690378550.50	14602620859.24	4378558797.16	85690378550.50	338175652045.70	28939123052.21	548493655257.48	462803276706.98	125280780539.08	83056007151.50	109788322384.77	338175652045.70	849333279599.19	462803276706.98	548493655257.48	35288906907.63	2.19	511157627553.49	55566657996.87	495380325453.03	511157627553.49	40843171648.51	13958	-3093679371.44	40133334866.60	300839624341.71	-39264387323.87	694909477909.70	583098756031.78	3605325137.81	46271852926.75	109822737946.69	106217412808.88	249702009694.74	849333279599.19	26009716385.32	35003843457.35	40957792203.69	29815148154.50	8959680772.78	898	29984892664.89	149	35288906907.63	70467154764.96	8111	26934783653.85	NULLVALUE	1273	NULLVALUE	中国上海市静安区威海路489号	3527	saicmotor@saic.com.cn	1855522650.39	中国（上海）自由贸易试验区松涛路563号1号楼509室	陈虹	上汽集团	200041	-1865439213.72	上海汽车集团股份有限公司	SAICMotorCorporationLimited	2025928206.43	26111589446.55	-1641964704.12	4265420025.62	40118	97491092.73	2471107186.38	28993477154.78	1930925392.56	47551117751.08	42166534928.93	505994490738.53	-308461093.63	216360	216360	13958	202402	25603384202.16	25587986199.99	464382536647.28	6245092532.74	3111792424.53	9685522705.47	51137614646.97	10148442201.71	334289852.97	32961523274.74	201203	26838165703.07	188420686.01	11401837512.65	11873058903.09	NULLVALUE	49796599024.47	12504734839.32	4844427958.97	4381508462.73	64617007133.41	23016568257.62	NULLVALUE	1496510091.60	19136965849.72	SAICMotor	244376316.51	NULLVALUE	350475738.36	1480799484.53	NULLVALUE	11683461365.00	38757306010.75	201613087.36	11.8	http://www.saicmotor.com	NULLVALUE	NULLVALUE	NULLVALUE	NULLVALUE	NULLVALUE	NULLVALUE	NULLVALUE	NULLVALUE	27061	3252061451.33	NULLVALUE	18281876133.32	334289852.97	1566933667.08	NULLVALUE	13997027058.90	104301970.97	9346120568.84	1715438384.52	NULLVALUE	NULLVALUE	2094472035.47	4137132146.22	764365300.59	620295956.53	4032860784.25	462919496.24	148789000.58	NULLVALUE	NULLVALUE	1646702512.60	NULLVALUE	11144424111.43	NULLVALUE	323603469.30	NULLVALUE	53192243425.13	23930347255.24	16161761950.51	NULLVALUE	NULLVALUE	NULLVALUE	NULLVALUE	NULLVALUE	23740912.69	NULLVALUE	NULLVALUE	NULLVALUE	5604308153.21	NULLVALUE	5352	1066824275.97
北京当升材料科技股份有限公司	2019	2284175396.20	3924397.20	74281971.39	-201413218.09	-2722251.46	7227844.35	2854584179.93	41270699.56	539064835.08	2872944.19	1403495688.78	2171913395.39	100517046.37	571817864.28	1750915475.33	2284175396.20	51277363.96	215480635.20	99137417.43	6134380.19	262855.40	15535866.53	2021372695.79	410749047.57	1834488261.92	10241963.20	33057523.75	624465795.00	118252409.32	4588350433.06	156479371.63	10413167.85	16529065.53	156479371.63	1322892306.47	17686096.38	1165529863.28	1009050491.65	311983903.55	410797854.20	23577303.15	1322892306.47	4588350433.06	1009050491.65	1165529863.28	-209045092.50	-0.48	3265458126.59	2208022274.95	2632832316.03	3265458126.59	66042375.57	894	341083671.33	-209020472.65	3422820569.78	-221751863.90	1655971932.68	1136419730.68	470394354.37	347419786.55	1288539011.46	818144657.09	3022820569.78	4588350433.06	66117925.41	56666395.42	-198803129.30	55446149.60	30025967.11	80	-209020472.65	28	-209045092.50	751832718.90	210	443917959.93	26559804.44	76	-0.48	北京市丰台区南四环西路188号总部基地18区21号	500	securities@easpring.com	12405.00	北京市丰台区南四环西路188号总部基地18区21号	李建忠	当升科技	100160	-280554244.18	北京当升材料科技股份有限公司	BeijingEaspringMaterialTechnologyCO.,LTD.	5508275.12	88990907.77	-294169234.93	NULLVALUE	0	-11768.92	109762.51	590962.68	64917575.54	344631122.16	351832718.90	9000000.00	3642760.39	894	894	421	473	NULLVALUE	31824175.17	NULLVALUE	239689315.00	7314568.36	NULLVALUE	400000000.00	NULLVALUE	400000000.00	274925121.98	100160	NULLVALUE	NULLVALUE	98494802.78	14220769.14	NULLVALUE	156074861.56	49242.71	24619.85	24619.85	NULLVALUE	NULLVALUE	190	67430459.56	NULLVALUE	Easpring	24619.85	2632228948.35	NULLVALUE	22944497.11	2410666220.00	NULLVALUE	NULLVALUE	24619.85	NULLVALUE	NULLVALUE	NULLVALUE	436722773.00	894	当升科技	300073	13.87%	124	www.easpring.com.cn	NULLVALUE	74951441.53	136127591.29	12000000.00	400000000.00	60173895.50	NULLVALUE	NULLVALUE	356071.00	NULLVALUE	NULLVALUE	NULLVALUE	NULLVALUE	NULLVALUE	NULLVALUE	NULLVALUE	NULLVALUE	NULLVALUE	NULLVALUE	NULLVALUE	101	NULLVALUE	1283611.00	NULLVALUE	NULLVALUE	NULLVALUE	12758648.88	NULLVALUE	NULLVALUE	100644402.00	NULLVALUE	NULLVALUE	134	NULLVALUE	-209045092.50	NULLVALUE	NULLVALUE	NULLVALUE	NULLVALUE	NULLVALUE	NULLVALUE	NULLVALUE	NULLVALUE	NULLVALUE
北京当升材料科技股份有限公司	2020	3183317245.67	5568166.35	67477419.32	451619152.63	49082771.72	22805409.09	4833585789.59	97182811.31	726471548.16	1755856.21	1752025078.94	1726502220.94	5041715.58	967921202.91	2413032573.14	3183317245.67	88478344.59	522851274.88	148289166.52	8007336.78	336396.41	22791078.29	2894402471.93	132900635.82	2571707237.36	64386813.46	28837614.96	398037460.15	138223267.04	5941350703.71	266927767.99	13778948.28	30578231.38	266927767.99	1755727589.07	9874300.50	2130506435.64	1863578667.65	685853092.75	1043576556.20	84083802.87	1755727589.07	5941350703.71	1863578667.65	2130506435.64	388651798.97	0.88	4185623114.64	2594347371.86	4787426829.79	4185623114.64	77072219.88	1149	-129299687.82	388553601.84	3810844268.07	-46158959.80	2107506845.41	1509474067.64	432895392.38	661007494.20	1721434403.84	1288539011.46	3810844268.07	5941350703.71	642147.86	33301688.99	453038612.43	60799078.24	169705150.09	63	384800836.38	32	388651798.97	3600948.00	307	542889939.59	105572324.47	82	0.88	北京市丰台区南四环西路188号总部基地18区21号	665	securities@easpring.com	279457.71	北京市丰台区南四环西路188号总部基地18区21号	陈彦彬	当升科技	100160	-41506938.94	北京当升材料科技股份有限公司	BeijingEaspringMaterialTechnologyCO.,LTD.	1045464.53	193040007.59	-1901949.17	556897.77	0	NULLVALUE	1417507.73	938613.36	135820577.64	131701590.19	3600948.00	NULLVALUE	-52653454.20	1149	1149	451	698	384899033.51	31824175.17	129627537.55	NULLVALUE	13725760.40	3752765.46	400000000.00	3752765.46	400000000.00	949967867.86	100160	NULLVALUE	6567990.88	149247954.87	974373.41	54566951.36	711363409.39	-48954.42	-98197.13	-98197.13	NULLVALUE	NULLVALUE	256	69802254.67	NULLVALUE	NULLVALUE	-98197.13	4656581221.17	NULLVALUE	22944497.11	4290695850.00	NULLVALUE	NULLVALUE	-98197.13	NULLVALUE	NULLVALUE	NULLVALUE	453620538.00	1149	当升科技	300073	19.41%	223	www.easpring.com.cn	NULLVALUE	73161056.25	141771902.99	12000000.00	NULLVALUE	60162000.00	NULLVALUE	NULLVALUE	NULLVALUE	NULLVALUE	NULLVALUE	NULLVALUE	NULLVALUE	NULLVALUE	NULLVALUE	NULLVALUE	NULLVALUE	NULLVALUE	NULLVALUE	NULLVALUE	122	NULLVALUE	NULLVALUE	NULLVALUE	NULLVALUE	NULLVALUE	NULLVALUE	NULLVALUE	NULLVALUE	NULLVALUE	NULLVALUE	NULLVALUE	178	NULLVALUE	NULLVALUE	NULLVALUE	NULLVALUE	NULLVALUE	NULLVALUE	NULLVALUE	NULLVALUE	NULLVALUE	NULLVALUE	NULLVALUE
龙岩卓越新能源股份有限公司	2021	3083491987.04	704954367.44	323523782.60	362502029.64	-19292313.16	33294908.54	2860589683.70	14065131.75	14908230.95	89144.30	3562256200.81	325318523.82	46380.87	257632860.15	3502759509.70	3083491987.04	31729263.97	441332954.15	126135072.08	36012077.18	952552.16	29182078.02	2948613467.98	107812000.00	2756107755.38	16882942.05	17921612.53	28182742.78	50843736.77	2572547465.91	23804553.18	17492736.48	209932015.71	23804553.18	1345820491.51	20081909.05	102470638.51	78666085.33	1029752174.71	532852673.32	277701.98	1345820491.51	2572547465.91	78666085.33	102470638.51	344755679.73	2.87	1226726974.40	1259089316.40	3043118607.96	1226726974.40	61235336.29	612	-107812000.00	344755679.73	2470076827.40	182528924.26	3295534047.20	3043385545.60	23544072.62	-59496691.11	323304023.82	299759951.20	2470076827.40	2572547465.91	98400000.00	131559264.25	361638621.78	574388.07	18221831.24	NULLVALUE	344755679.73	32	344755679.73	62866690.00	113	113094159.48	13110916.74	85	NULLVALUE	龙岩市新罗区铁山镇平林（福建龙州工业园东宝工业集中区）	335	zyxny@163.com	137500.00	龙岩市新罗区铁山镇平林（福建龙州工业园东宝工业集中区）	叶活动	卓越新能	364000	-7684.73	龙岩卓越新能源股份有限公司	LongyanZhuoyueNewEnergyCo.,Ltd.	883732.16	6346035.28	35314.46	9412000.00	0	-14649.12	NULLVALUE	11289693.33	189003631.26	62866690.00	62866690.00	2747495524.22	8323839.47	612	612	335	277	344755679.73	NULLVALUE	3031691414.63	4326282.81	684360.77	NULLVALUE	NULLVALUE	NULLVALUE	NULLVALUE	NULLVALUE	NULLVALUE	12537439.41	438778.05	NULLVALUE	NULLVALUE	3375215.76	160264005.96	NULLVALUE	NULLVALUE	NULLVALUE	NULLVALUE	NULLVALUE	NULLVALUE	4552948.40	NULLVALUE	LYZY	NULLVALUE	NULLVALUE	NULLVALUE	NULLVALUE	NULLVALUE	120000000.00	63787608.36	NULLVALUE	18.46%	www.zyxny.com	NULLVALUE	NULLVALUE	NULLVALUE	NULLVALUE	NULLVALUE	NULLVALUE	NULLVALUE	NULLVALUE	113	NULLVALUE	NULLVALUE	NULLVALUE	NULLVALUE	NULLVALUE	NULLVALUE	NULLVALUE	NULLVALUE	NULLVALUE	NULLVALUE	28412583.13	16774157.13	NULLVALUE	NULLVALUE	NULLVALUE	NULLVALUE	NULLVALUE	NULLVALUE	NULLVALUE	NULLVALUE	NULLVALUE	NULLVALUE	/	NULLVALUE	NULLVALUE	0.00	NULLVALUE	NULLVALUE	NULLVALUE	NULLVALUE	NULLVALUE	NULLVALUE	NULLVALUE	NULLVALUE	NULLVALUE	NULLVALUE	NULLVALUE	NULLVALUE	NULLVALUE	NULLVALUE	NULLVALUE	NULLVALUE	0.00
